date,open,close,high,low,value,volume,ticker
2020-03-30,725,768,768,725,68890,91,INGR
2020-03-31,750,796,796,740,613232,795,INGR
2020-04-01,754,760,768,754,62637,82,INGR
2020-04-02,760,754,764,754,43871,58,INGR
2020-04-03,762,750,762,750,80262,107,INGR
2020-04-06,735,770,787,735,85624,111,INGR
2020-04-07,780,771,785,751,405872,521,INGR
2020-04-08,760,760,760,760,13680,18,INGR
2020-04-09,770,770,770,770,41580,54,INGR
2020-04-10,754,755,758,754,31684,42,INGR
2020-04-13,770,764,770,762,68238,89,INGR
2020-04-14,766,766,770,766,37543,49,INGR
2020-04-15,776,768,784,768,95542,123,INGR
2020-04-16,755,764,784,755,130335,168,INGR
2020-04-17,700,761,765,699,39185,52,INGR
2020-04-20,786,770,786,770,92375,119,INGR
2020-04-21,775,764,775,763,73216,95,INGR
2020-04-22,761,777,787,752,66760,88,INGR
2020-04-23,770,776,776,757,81017,106,INGR
2020-04-24,743,757,761,730,123885,166,INGR
2020-04-27,721,762,775,721,37338,49,INGR
2020-04-28,750,768,768,750,119923,157,INGR
2020-04-29,769,770,770,756,37267,49,INGR
2020-04-30,750,765,770,750,19135,25,INGR
2020-05-04,743,761,765,730,39433,53,INGR
2020-05-05,763,765,765,763,22904,30,INGR
2020-05-06,770,752,1063,752,32383568,37443,INGR
2020-05-07,765,769,820,756,5951348,7589,INGR
2020-05-08,771,765,777,755,808496,1059,INGR
2020-05-12,769,762,807,750,2276802,2953,INGR
2020-05-13,753,758,773,750,953764,1257,INGR
2020-05-14,750,753,759,735,545285,726,INGR
2020-05-15,754,755,763,739,970419,1291,INGR
2020-05-18,756,774,795,756,462719,599,INGR
2020-05-19,765,767,770,756,228355,300,INGR
2020-05-20,766,764,766,745,636185,840,INGR
2020-05-21,765,779,790,758,1108465,1436,INGR
2020-05-22,776,774,778,770,252656,327,INGR
2020-05-25,775,810,830,775,1732604,2166,INGR
2020-05-26,810,800,817,800,1434468,1774,INGR
2020-05-27,799,791,814,779,2184142,2747,INGR
2020-05-28,793,802,811,783,568382,711,INGR
2020-05-29,794,800,808,794,597981,747,INGR
2020-06-01,813,814,815,800,673296,834,INGR
2020-06-02,817,817,827,801,498863,616,INGR
2020-06-03,817,815,823,807,2119668,2605,INGR
2020-06-04,816,826,835,811,608810,738,INGR
2020-06-05,822,810,840,800,6444274,7941,INGR
2020-06-08,817,807,1099,805,8869488,10845,INGR
2020-06-09,815,809,819,802,1399389,1726,INGR
2020-06-10,811,800,829,799,3152186,3897,INGR
2020-06-11,827,817,860,810,10611836,12872,INGR
2020-06-15,827,820,847,817,6399574,7785,INGR
2020-06-16,822,824,850,812,19401973,23394,INGR
2020-06-17,826,825,843,820,23710521,28667,INGR
2020-06-18,763,750,790,747,12972135,17204,INGR
2020-06-19,750,737,755,711,4975843,6716,INGR
2020-06-22,740,727,740,723,2687590,3684,INGR
2020-06-23,764,734,764,727,2615164,3566,INGR
2020-06-25,726,719,728,711,2445202,3403,INGR
2020-06-26,722,733,736,714,2211824,3045,INGR
2020-06-29,719,749,750,710,5160101,6966,INGR
2020-06-30,740,746,756,737,7330259,9778,INGR
2020-07-02,738,743,747,735,634086,856,INGR
2020-07-03,744,730,749,730,810430,1101,INGR
2020-07-06,740,729,763,726,1828639,2479,INGR
2020-07-07,626,733,745,626,751342,1029,INGR
2020-07-08,738,730,738,728,513901,702,INGR
2020-07-09,737,735,738,727,1892566,2581,INGR
2020-07-10,738,730,738,721,706725,966,INGR
2020-07-13,735,729,735,726,588202,806,INGR
2020-07-14,734,721,734,705,1188663,1649,INGR
2020-07-15,722,724,727,722,425726,588,INGR
2020-07-16,725,725,725,720,284336,394,INGR
2020-07-17,725,724,726,719,620281,858,INGR
2020-07-20,725,729,730,724,438754,604,INGR
2020-07-21,730,734,735,720,1564020,2154,INGR
2020-07-22,734,735,737,727,755387,1030,INGR
2020-07-23,735,734,737,725,959510,1312,INGR
2020-07-24,727,733,735,725,1391784,1903,INGR
2020-07-27,750,741,760,732,3263823,4396,INGR
2020-07-28,735,742,745,735,1538042,2074,INGR
2020-07-29,736,742,743,734,3639386,4913,INGR
2020-07-30,747,740,747,736,1200351,1624,INGR
2020-07-31,746,750,764,740,2009498,2678,INGR
2020-08-03,741,746,755,739,1100652,1470,INGR
2020-08-04,752,762,762,741,1891430,2515,INGR
2020-08-05,760,767,768,752,3006608,3950,INGR
2020-08-06,759,768,771,759,1798115,2354,INGR
2020-08-07,804,815,835,789,16517879,20156,INGR
2020-08-10,840,800,840,790,3175111,3881,INGR
2020-08-11,807,796,807,787,3401904,4283,INGR
2020-08-12,792,815,820,791,4572748,5684,INGR
2020-08-13,821,818,840,813,3673418,4427,INGR
2020-08-14,818,822,822,815,448664,548,INGR
2020-08-17,816,812,820,812,1007087,1236,INGR
2020-08-18,811,820,824,800,2635779,3275,INGR
2020-08-19,811,812,818,808,267072,329,INGR
2020-08-20,808,813,813,801,341960,424,INGR
2020-08-21,805,806,820,804,422101,520,INGR
2020-08-24,814,808,820,806,318311,392,INGR
2020-08-25,807,810,820,802,205554,253,INGR
2020-08-26,807,810,820,807,456698,561,INGR
2020-08-27,813,821,839,810,1048355,1280,INGR
2020-08-28,822,807,825,802,645369,799,INGR
2020-08-31,804,809,818,804,365916,452,INGR
2020-09-01,817,804,817,804,88056,109,INGR
2020-09-02,810,800,816,800,1426480,1778,INGR
2020-09-03,801,799,805,796,181767,227,INGR
2020-09-04,796,802,802,787,445405,558,INGR
2020-09-07,786,807,809,786,251805,312,INGR
2020-09-08,789,790,812,788,126711,159,INGR
2020-09-09,785,795,801,784,120461,152,INGR
2020-09-10,787,789,797,787,266191,337,INGR
2020-09-11,796,800,802,791,440919,552,INGR
2020-09-14,801,795,802,790,181368,228,INGR
2020-09-15,802,807,810,791,996883,1235,INGR
2020-09-16,800,810,811,800,1326063,1638,INGR
2020-09-17,801,802,810,790,387791,486,INGR
2020-09-18,800,806,808,796,562459,702,INGR
2020-09-21,799,803,808,799,848488,1055,INGR
2020-09-22,799,799,807,798,68146,85,INGR
2020-09-23,807,810,811,807,456469,564,INGR
2020-09-24,810,805,815,801,119087,147,INGR
2020-09-25,805,800,806,798,162448,203,INGR
2020-09-28,808,808,808,801,206293,256,INGR
2020-09-29,802,802,805,801,276174,344,INGR
2020-09-30,802,801,808,800,739889,924,INGR
2020-10-01,802,800,809,797,171023,214,INGR
2020-10-02,804,810,820,800,716825,885,INGR
2020-10-05,810,817,817,800,644246,802,INGR
2020-10-06,818,839,839,818,5607486,6756,INGR
2020-10-07,830,844,844,830,5183859,6179,INGR
2020-10-08,845,860,939,842,8597069,9873,INGR
2020-10-09,860,872,872,843,8261654,9588,INGR
2020-10-12,875,916,942,875,12502172,13580,INGR
2020-10-13,950,923,950,917,8419915,9129,INGR
2020-10-14,915,922,926,915,5821099,6310,INGR
2020-10-15,921,926,926,914,4622780,5023,INGR
2020-10-16,913,915,919,909,7508932,8214,INGR
2020-10-19,922,923,928,917,8406762,9109,INGR
2020-10-20,923,941,943,920,16289400,17470,INGR
2020-10-21,950,955,955,945,5544759,5837,INGR
2020-10-22,954,958,961,954,6078491,6348,INGR
2020-10-23,958,950,958,950,9566369,10025,INGR
2020-10-26,950,952,980,948,7454049,7809,INGR
2020-10-27,957,950,958,950,5724275,5997,INGR
2020-10-28,952,954,956,948,7418018,7794,INGR
2020-10-29,955,949,958,948,7991627,8384,INGR
2020-10-30,955,948,957,944,7488184,7888,INGR
2020-11-02,942,947,955,942,4280799,4508,INGR
2020-11-03,947,948,954,944,5533487,5834,INGR
2020-11-05,953,950,955,874,6071352,6451,INGR
2020-11-06,952,955,956,947,5245411,5517,INGR
2020-11-09,957,964,966,953,13617444,14160,INGR
2020-11-10,970,961,970,956,6804071,7069,INGR
2020-11-11,962,959,965,954,14387102,14992,INGR
2020-11-12,960,959,964,953,8468608,8859,INGR
2020-11-13,954,958,963,952,5572918,5826,INGR
2020-11-16,958,958,960,958,4871991,5080,INGR
2020-11-17,959,956,969,949,9296455,9734,INGR
2020-11-18,954,956,962,949,14539546,15227,INGR
2020-11-19,958,959,961,949,10651332,11138,INGR
2020-11-20,954,954,957,951,10924759,11466,INGR
2020-11-23,955,954,957,954,5512704,5770,INGR
2020-11-24,958,961,965,958,5220896,5421,INGR
2020-11-25,959,959,963,958,5770561,6006,INGR
2020-11-26,961,964,964,960,5657485,5882,INGR
2020-11-27,961,959,964,959,6125337,6368,INGR
2020-11-30,958,961,964,958,5743984,5967,INGR
2020-12-01,962,960,964,960,4934566,5127,INGR
2020-12-02,961,960,965,960,7075376,7352,INGR
2020-12-03,963,970,975,963,6471912,6650,INGR
2020-12-04,980,963,980,953,10848948,11198,INGR
2020-12-07,970,974,980,968,8234831,8459,INGR
2020-12-08,979,982,984,972,15706664,16052,INGR
2020-12-09,980,989,990,975,13710243,13996,INGR
2020-12-10,983,999,999,982,12631285,12703,INGR
2020-12-11,1000,1000,1002,992,15910830,15985,INGR
2020-12-14,1000,1009,1015,996,22132997,22096,INGR
2020-12-15,1000,1035,1035,1000,22447750,22148,INGR
2020-12-16,1033,1060,1069,1032,21761581,20753,INGR
2020-12-17,1068,1090,1100,1057,17928693,16766,INGR
2020-12-18,1095,1125,1127,1091,23726404,21263,INGR
2020-12-21,1130,1140,1148,1120,14738271,12903,INGR
2020-12-22,1147,1168,1169,1145,26429786,22874,INGR
2020-12-23,1170,1150,1172,1150,13145782,11414,INGR
2020-12-24,1158,1149,1160,1149,8800703,7625,INGR
2020-12-25,1150,1150,1160,1150,8982550,7788,INGR
2020-12-28,1158,1152,1165,1151,7729728,6670,INGR
2020-12-29,1161,1174,1174,1157,9499993,8106,INGR
2020-12-30,1174,1178,1186,1174,20939545,17728,INGR
2021-01-04,1240,1152,1240,1096,17891759,15350,INGR
2021-01-05,1153,1150,1154,1150,10364351,8993,INGR
2021-01-06,1144,1148,1160,1144,10360296,9014,INGR
2021-01-08,1143,1160,1163,1138,9736464,8522,INGR
2021-01-11,1140,1159,1170,1139,16708088,14413,INGR
2021-01-12,1161,1159,1173,1159,11343321,9726,INGR
2021-01-13,1168,1163,1170,1163,9117798,7824,INGR
2021-01-14,1165,1165,1169,1165,8286571,7104,INGR
2021-01-15,1171,1166,1181,1162,21373101,18287,INGR
2021-01-18,1165,1160,1170,1160,8545020,7322,INGR
2021-01-19,1169,1173,1178,1164,14127498,12100,INGR
2021-01-20,1180,1166,1180,1166,8862364,7576,INGR
2021-01-21,1173,1167,1177,1167,10769865,9183,INGR
2021-01-22,1167,1162,1178,1162,9478940,8139,INGR
2021-01-25,1161,1188,1188,1161,11412844,9722,INGR
2021-01-26,1190,1216,1216,1190,21037712,17495,INGR
2021-01-27,1220,1234,1241,1217,11915926,9679,INGR
2021-01-28,1224,1246,1246,1222,8372651,6742,INGR
2021-01-29,1224,1238,1247,1223,9192310,7409,INGR
2021-02-01,1243,1247,1250,1238,8502485,6824,INGR
2021-02-02,1253,1274,1275,1228,33517248,26682,INGR
2021-02-03,1280,1283,1285,1261,14886578,11686,INGR
2021-02-04,1288,1296,1301,1288,12321326,9513,INGR
2021-02-05,1310,1303,1312,1297,10902053,8356,INGR
2021-02-08,1303,1338,1338,1303,15094788,11399,INGR
2021-02-09,1346,1338,1346,1331,9063760,6779,INGR
2021-02-10,1349,1335,1351,1335,10639607,7945,INGR
2021-02-11,1336,1339,1351,1330,10562879,7891,INGR
2021-02-12,1328,1338,1339,1327,8221694,6166,INGR
2021-02-15,1350,1365,1367,1340,14613910,10766,INGR
2021-02-16,1368,1369,1378,1363,15816045,11536,INGR
2021-02-17,1369,1359,1388,1359,22874492,16747,INGR
2021-02-18,1375,1349,1375,1065,23371769,17274,INGR
2021-02-19,1345,1380,1380,1340,24660978,18153,INGR
2021-02-20,1362,1373,1383,1362,13947370,10148,INGR
2021-02-22,1374,1378,1382,1369,16426620,11957,INGR
2021-02-24,1356,1370,1380,1356,23813455,17355,INGR
2021-02-25,1371,1388,1390,1362,22194519,16053,INGR
2021-02-26,1391,1377,1391,1372,18661223,13529,INGR
2021-03-01,1379,1404,1405,1375,36441644,26143,INGR
2021-03-02,1402,1425,1425,1397,20353683,14423,INGR
2021-03-03,1429,1434,1437,1423,19487752,13606,INGR
2021-03-04,1438,1426,1439,1426,18542953,12932,INGR
2021-03-05,1430,1443,1444,1416,18943873,13258,INGR
2021-03-09,1444,1469,1470,1438,18886200,12910,INGR
2021-03-10,1472,1462,1490,1462,11937629,8107,INGR
2021-03-11,1467,1484,1484,1467,11692377,7935,INGR
2021-03-12,1485,1498,1498,1484,11702663,7833,INGR
2021-03-15,1500,1517,1520,1489,45173221,29930,INGR
2021-03-16,1520,1514,1521,1505,26596903,17574,INGR
2021-03-17,1520,1492,1520,1492,18300688,12182,INGR
2021-03-18,1497,1496,1519,1487,27689450,18457,INGR
2021-03-19,1488,1483,1501,1481,22371920,15000,INGR
2021-03-22,1483,1491,1497,1477,20973781,14084,INGR
2021-03-23,1483,1482,1494,1479,18163034,12229,INGR
2021-03-24,1485,1490,1493,1476,20601694,13901,INGR
2021-03-25,1484,1476,1500,1476,20156984,13568,INGR
2021-03-26,1476,1512,1520,1476,34168546,22698,INGR
2021-03-29,1514,1536,1545,1511,30474433,19892,INGR
2021-03-30,1531,1529,1549,1525,22724348,14794,INGR
2021-03-31,1527,1534,1540,1521,21141728,13828,INGR
2021-04-01,1536,1531,1555,1531,25618487,16578,INGR
2021-04-02,1536,1554,1558,1532,20519414,13300,INGR
2021-04-05,1550,1546,1553,1532,20082641,12975,INGR
2021-04-06,1549,1536,1550,1535,25187926,16331,INGR
2021-04-07,1540,1543,1550,1532,19535222,12672,INGR
2021-04-08,1538,1549,1563,1538,25726888,16606,INGR
2021-04-09,1551,1542,1551,1532,18968996,12270,INGR
2021-04-12,1541,1559,1579,1530,23995378,15373,INGR
2021-04-13,1564,1563,1565,1553,21294220,13684,INGR
2021-04-14,1567,1584,1600,1559,28907042,18297,INGR
2021-04-15,1581,1576,1588,1572,26935013,17034,INGR
2021-04-16,1579,1591,1597,1572,20750492,13088,INGR
2021-04-19,1593,1588,1597,1582,19368523,12169,INGR
2021-04-20,1587,1580,1603,1571,19160387,12060,INGR
2021-04-21,1583,1590,1593,1574,25183676,15910,INGR
2021-04-22,1586,1614,1619,1586,41287178,25771,INGR
2021-04-23,1586,1596,1614,1574,48836616,30503,INGR
2021-04-26,1596,1597,1600,1591,45423150,28507,INGR
2021-04-27,1600,1592,1602,1587,25821551,16185,INGR
2021-04-28,1594,1586,1595,1570,19765685,12479,INGR
2021-04-29,1588,1584,1594,1567,25345826,16045,INGR
2021-04-30,1586,1595,1615,1571,44471700,27936,INGR
2021-05-04,1594,1600,1603,1592,6843157,4282,INGR
2021-05-05,1597,1601,1604,1597,4975621,3110,INGR
2021-05-06,1599,1606,1608,1596,13567597,8454,INGR
2021-05-07,1596,1603,1611,1596,2067973,1290,INGR
2021-05-10,1601,1602,1609,1600,922808,576,INGR
2021-05-11,1604,1579,1604,1559,17015246,10734,INGR
2021-05-12,1573,1575,1599,1572,12353726,7824,INGR
2021-05-13,1572,1573,1575,1551,11883681,7601,INGR
2021-05-14,1569,1568,1577,1556,10813331,6891,INGR
2021-05-17,1571,1572,1572,1557,11682339,7478,INGR
2021-05-18,1563,1577,1597,1557,11252701,7143,INGR
2021-05-19,1574,1555,1579,1544,21882939,14040,INGR
2021-05-20,1552,1550,1557,1541,9211336,5944,INGR
2021-05-21,1553,1547,1558,1547,4112737,2653,INGR
2021-05-24,1548,1541,1551,1541,4630716,2996,INGR
2021-05-25,1532,1542,1550,1521,6682786,4350,INGR
2021-05-26,1538,1540,1542,1532,5104201,3317,INGR
2021-05-27,1535,1542,1560,1518,7817823,5077,INGR
2021-05-28,1544,1539,1544,1531,9327162,6072,INGR
2021-05-31,1541,1529,1542,1527,10309741,6708,INGR
2021-06-01,1524,1532,1538,1524,11986867,7822,INGR
2021-06-02,1530,1537,1539,1526,21075644,13779,INGR
2021-06-03,1537,1528,1537,1522,11836760,7742,INGR
2021-06-04,1528,1525,1530,1513,11218953,7363,INGR
2021-06-07,1525,1524,1531,1514,11872089,7790,INGR
2021-06-08,1529,1517,1529,1511,6003526,3957,INGR
2021-06-09,1511,1523,1531,1511,7851444,5165,INGR
2021-06-10,1519,1519,1530,1508,10485433,6903,INGR
2021-06-11,1516,1523,1531,1506,10521606,6927,INGR
2021-06-14,1522,1523,1527,1512,9759898,6410,INGR
2021-06-15,1520,1524,1540,1518,9025262,5923,INGR
2021-06-16,1528,1529,1529,1520,1018213,667,INGR
2021-06-17,1532,1523,1532,1518,641155,420,INGR
2021-06-18,1519,1517,1519,1501,8691890,5760,INGR
2021-06-21,1518,1522,1522,1500,8803579,5818,INGR
2021-06-22,1521,1518,1527,1518,7759684,5089,INGR
2021-06-23,1521,1514,1523,1513,12790652,8433,INGR
2021-06-24,1516,1501,1518,1493,8152789,5417,INGR
2021-06-25,1500,1499,1503,1492,5212062,3476,INGR
2021-06-28,1489,1494,1501,1489,3901638,2610,INGR
2021-06-29,1497,1479,1497,1473,35951726,24322,INGR
2021-06-30,1478,1481,1484,1473,21199825,14367,INGR
2021-07-01,1476,1478,1488,1475,6918367,4660,INGR
2021-07-02,1471,1470,1479,1470,8139859,5525,INGR
2021-07-05,1467,1467,1472,1465,9167442,6250,INGR
2021-07-06,1465,1464,1472,1463,8707690,5933,INGR
2021-07-07,1468,1465,1470,1460,7137172,4870,INGR
2021-07-08,1458,1442,1468,1431,10819804,7460,INGR
2021-07-09,1445,1426,1447,1420,58236552,40651,INGR
2021-07-12,1430,1420,1431,1395,57737661,40886,INGR
2021-07-13,1416,1405,1424,1376,46098146,32998,INGR
2021-07-14,1407,1377,1429,1362,35951963,26003,INGR
2021-07-15,1368,1372,1382,1340,49824196,36614,INGR
2021-07-16,1370,1347,1376,1347,6692843,4912,INGR
2021-07-19,1344,1317,1352,1315,21847683,16432,INGR
2021-07-20,1319,1320,1324,1314,7165291,5430,INGR
2021-07-21,1316,1301,1335,1300,22498638,17071,INGR
2021-07-22,1303,1287,1306,1287,5769192,4444,INGR
2021-07-23,1278,1292,1292,1278,906552,703,INGR
2021-07-26,1296,1278,1296,1277,5425097,4219,INGR
2021-07-27,1282,1295,1298,1251,56039664,43962,INGR
2021-07-28,1295,1273,1298,1270,21350188,16615,INGR
2021-07-29,1274,1264,1297,1261,20013555,15677,INGR
2021-07-30,1259,1233,1267,1233,35855834,28704,INGR
2021-08-02,1249,1236,1251,1231,7007981,5672,INGR
2021-08-03,1232,1235,1275,1228,20470371,16480,INGR
2021-08-04,1233,1231,1240,1229,9231713,7470,INGR
2021-08-05,1233,1227,1235,1225,5975993,4856,INGR
2021-08-06,1229,1213,1229,1212,6625964,5420,INGR
2021-08-09,1211,1217,1225,1209,4764060,3920,INGR
2021-08-10,1220,1220,1224,1213,6551290,5374,INGR
2021-08-11,1222,1219,1224,1212,11640506,9569,INGR
2021-08-12,1220,1221,1224,1207,10839891,8895,INGR
2021-08-13,1217,1217,1223,1215,7030012,5777,INGR
2021-08-16,1219,1213,1223,1212,9157754,7527,INGR
2021-08-17,1215,1219,1221,1207,7060761,5810,INGR
2021-08-18,1215,1221,1224,1212,9531925,7838,INGR
2021-08-19,1224,1219,1224,1212,8031997,6594,INGR
2021-08-20,1215,1214,1221,1213,10002272,8221,INGR
2021-08-23,1215,1231,1233,1209,10975701,9019,INGR
2021-08-24,1235,1236,1241,1224,9362150,7605,INGR
2021-08-25,1240,1234,1241,1227,11007814,8915,INGR
2021-08-26,1238,1267,1274,1227,64819577,51509,INGR
2021-08-27,1268,1298,1299,1243,55046725,43453,INGR
2021-08-30,1298,1308,1308,1290,10148656,7796,INGR
2021-08-31,1311,1325,1328,1305,20981042,15928,INGR
2021-09-01,1325,1341,1342,1325,16354748,12289,INGR
2021-09-02,1335,1338,1345,1334,18123943,13513,INGR
2021-09-03,1340,1325,1341,1308,16077282,12095,INGR
2021-09-06,1337,1338,1339,1328,13226196,9912,INGR
2021-09-07,1335,1333,1342,1329,11137020,8337,INGR
2021-09-08,1330,1341,1344,1320,11259249,8420,INGR
2021-09-09,1335,1337,1347,1330,14509524,10829,INGR
2021-09-10,1341,1344,1347,1331,13445966,10034,INGR
2021-09-13,1347,1362,1373,1339,24608644,18176,INGR
2021-09-14,1362,1372,1372,1355,9988812,7298,INGR
2021-09-15,1374,1383,1387,1372,7425596,5378,INGR
2021-09-16,1388,1368,1390,1366,8561815,6194,INGR
2021-09-17,1372,1355,1373,1355,18889450,13906,INGR
2021-09-20,1371,1338,1371,1333,21422286,15944,INGR
2021-09-21,1361,1338,1369,1335,34892998,25930,INGR
2021-09-22,1354,1359,1363,1345,12991861,9568,INGR
2021-09-23,1362,1366,1370,1352,16200578,11912,INGR
2021-09-24,1369,1358,1369,1350,10397367,7650,INGR
2021-09-27,1361,1367,1370,1357,9909758,7260,INGR
2021-09-28,1367,1357,1380,1357,9951045,7259,INGR
2021-09-29,1356,1356,1363,1345,9487396,6991,INGR
2021-09-30,1359,1364,1370,1354,12977512,9519,INGR
2021-10-01,1361,1353,1363,1349,5756805,4248,INGR
2021-10-04,1353,1355,1368,1352,3914207,2878,INGR
2021-10-05,1357,1395,1398,1356,8378839,6086,INGR
2021-10-06,1395,1374,1411,1371,11119260,7985,INGR
2021-10-07,1365,1395,1396,1365,2211205,1597,INGR
2021-10-08,1392,1395,1406,1388,3613303,2580,INGR
2021-10-11,1379,1412,1416,1344,5572954,3953,INGR
2021-10-12,1410,1407,1415,1394,7086258,5031,INGR
2021-10-13,1406,1396,1412,1381,8752729,6269,INGR
2021-10-14,1396,1406,1416,1382,14139789,10043,INGR
2021-10-15,1409,1402,1417,1401,42365781,30089,INGR
2021-10-18,1390,1393,1407,1385,6469585,4624,INGR
2021-10-19,1390,1401,1404,1386,6552107,4692,INGR
2021-10-20,1399,1400,1404,1392,5611284,4007,INGR
2021-10-21,1397,1374,1402,1374,6688330,4802,INGR
2021-10-22,1367,1374,1382,1366,9615644,6990,INGR
2021-10-25,1372,1390,1391,1367,9033168,6550,INGR
2021-10-26,1392,1384,1393,1383,7582911,5465,INGR
2021-10-27,1387,1376,1387,1364,9119623,6630,INGR
2021-10-28,1371,1356,1379,1351,13894243,10216,INGR
2021-10-29,1357,1344,1358,1331,5945100,4411,INGR
2021-11-01,1345,1366,1367,1341,7224019,5326,INGR
2021-11-02,1365,1362,1378,1352,6522128,4780,INGR
2021-11-03,1355,1348,1364,1347,6286346,4644,INGR
2021-11-05,1352,1347,1352,1340,3299226,2448,INGR
2021-11-08,1348,1362,1365,1348,8353400,6153,INGR
2021-11-09,1360,1360,1366,1356,6482299,4761,INGR
2021-11-10,1359,1349,1359,1347,6855285,5052,INGR
2021-11-11,1349,1347,1349,1325,6835339,5118,INGR
2021-11-12,1349,1322,1350,1315,10579164,7969,INGR
2021-11-15,1318,1323,1336,1312,7936309,5983,INGR
2021-11-16,1323,1313,1331,1305,7176789,5451,INGR
2021-11-17,1306,1315,1318,1305,5639393,4297,INGR
2021-11-18,1310,1293,1317,1293,7437160,5674,INGR
2021-11-19,1294,1268,1305,1266,11922789,9306,INGR
2021-11-22,1266,1242,1271,1239,15586230,12373,INGR
2021-11-23,1237,1283,1285,1237,43849167,34752,INGR
2021-11-24,1284,1287,1297,1280,17815618,13830,INGR
2021-11-25,1284,1284,1301,1284,14008220,10819,INGR
2021-11-26,1276,1276,1285,1274,8187574,6418,INGR
2021-11-29,1280,1343,1346,1278,28708658,21679,INGR
2021-11-30,1340,1342,1349,1312,26268833,19709,INGR
2021-12-01,1342,1363,1370,1342,11256305,8284,INGR
2021-12-02,1362,1357,1367,1356,17181525,12634,INGR
2021-12-03,1358,1362,1372,1358,14822454,10843,INGR
2021-12-06,1379,1405,1449,1362,11195642,7882,INGR
2021-12-07,1417,1455,1459,1412,27544427,19207,INGR
2021-12-08,1455,1447,1468,1417,8119494,5590,INGR
2021-12-09,1450,1482,1493,1447,14839558,10054,INGR
2021-12-10,1485,1478,1487,1475,4143730,2797,INGR
2021-12-13,1483,1490,1498,1483,8326489,5578,INGR
2021-12-14,1492,1533,1533,1450,37950685,25099,INGR
2021-12-15,1530,1573,1575,1527,28923339,18542,INGR
2021-12-16,1569,1602,1607,1553,56590294,35651,INGR
2021-12-17,1605,1600,1609,1587,45701856,28584,INGR
2021-12-20,1596,1585,1621,1577,16881887,10640,INGR
2021-12-21,1589,1598,1615,1584,25331420,15863,INGR
2021-12-22,1596,1638,1640,1595,49033057,30249,INGR
2021-12-23,1637,1627,1639,1622,11773504,7207,INGR
2021-12-24,1628,1693,1713,1602,50125350,30259,INGR
2021-12-27,1687,1748,1752,1687,27704116,15875,INGR
2021-12-28,1748,1808,1820,1746,34936036,19607,INGR
2021-12-29,1808,1785,1808,1784,27166826,15093,INGR
2021-12-30,1788,1807,1810,1783,11768136,6528,INGR
2022-01-03,1825,1855,1865,1761,10249264,5529,INGR
2022-01-04,1847,1871,1886,1846,9914752,5294,INGR
2022-01-05,1866,1858,1873,1852,9442242,5063,INGR
2022-01-06,1851,1844,1870,1800,15564473,8458,INGR
2022-01-10,1844,1834,1883,1833,30701428,16471,INGR
2022-01-11,1835,1853,1882,1832,11217419,6040,INGR
2022-01-12,1855,1878,1879,1840,8525812,4573,INGR
2022-01-13,1876,1805,1877,1805,10033547,5417,INGR
2022-01-14,1808,1772,1829,1757,30769488,17192,INGR
2022-01-17,1773,1763,1774,1756,14421966,8144,INGR
2022-01-18,1759,1738,1773,1722,5025458,2868,INGR
2022-01-19,1736,1827,1867,1729,26355430,14486,INGR
2022-01-20,1826,1895,1905,1815,40319477,21734,INGR
2022-01-21,1888,1881,1892,1867,32051167,16996,INGR
2022-01-24,1885,1832,1885,1795,8941084,4872,INGR
2022-01-25,1833,1822,1896,1822,23962666,13004,INGR
2022-01-26,1831,1807,1891,1782,60321991,33095,INGR
2022-01-27,1810,1817,1838,1094,42484615,23422,INGR
2022-01-28,1822,1840,1860,1817,28512698,15612,INGR
2022-01-31,1843,1879,1901,1838,22806006,12198,INGR
2022-02-01,1881,1897,1918,1881,19307807,10145,INGR
2022-02-02,1901,1913,1923,1891,7319735,3838,INGR
2022-02-03,1915,1908,1945,1899,4292732,2249,INGR
2022-02-04,1914,1912,1978,1899,43008811,22115,INGR
2022-02-07,1921,1904,1959,1888,60280155,31489,INGR
2022-02-08,1915,1908,1923,1894,42491699,22267,INGR
2022-02-09,1911,1912,1918,1907,22446322,11748,INGR
2022-02-10,1895,1892,1916,1874,52733813,27783,INGR
2022-02-11,1892,1832,1902,1789,33306521,18136,INGR
2022-02-14,1832,1796,1833,1745,25915920,14507,INGR
2022-02-15,1799,1803,1810,1795,16979594,9418,INGR
2022-02-16,1803,1806,1814,1799,4678531,2592,INGR
2022-02-17,1798,1720,1798,1715,19689022,11174,INGR
2022-02-18,1723,1703,1724,1658,20349386,11999,INGR
2022-02-21,1703,1613,1706,1613,25256520,15214,INGR
2022-02-22,1628,1616,1628,1473,5314988,3419,INGR
2022-02-24,969,1485,1537,969,4796740,3229,INGR
2022-02-25,1477,1490,1497,1461,16289442,10932,INGR
2022-03-28,1500,1447,1509,1220,8648061,5911,INGR
2022-03-29,1455,1426,1461,1398,1695614,1172,INGR
2022-03-30,1426,1433,1436,1426,567437,397,INGR
2022-03-31,1433,1448,1455,1432,5996820,4147,INGR
2022-04-01,1458,1455,1468,1447,4845075,3331,INGR
2022-04-04,1457,1460,1475,1402,6136918,4224,INGR
2022-04-05,1454,1383,1463,1335,26231375,18957,INGR
2022-04-06,1386,1351,1389,1351,5193568,3760,INGR
2022-04-07,1347,1350,1358,1346,6725427,4974,INGR
2022-04-08,1349,1326,1357,1299,8324485,6227,INGR
2022-04-11,1297,1302,1358,1297,4320943,3268,INGR
2022-04-12,1302,1257,1313,1251,15246972,12065,INGR
2022-04-13,1289,1250,1322,1239,1362204,1075,INGR
2022-04-14,1253,1203,1253,1172,5023893,4172,INGR
2022-04-15,1200,1236,1238,1199,24747148,20338,INGR
2022-04-18,1241,1242,1252,1235,20271410,16278,INGR
2022-04-19,1243,1221,1243,1162,12668253,10605,INGR
2022-04-20,1221,1216,1300,1195,4464250,3653,INGR
2022-04-21,1218,1174,1218,1174,3560730,2953,INGR
2022-04-22,1175,1153,1184,1144,2832719,2435,INGR
2022-04-25,1148,1132,1148,1110,1607715,1426,INGR
2022-04-26,1125,1144,1145,1125,13697705,12119,INGR
2022-04-27,1150,1152,1178,1142,5056132,4372,INGR
2022-04-28,1158,1131,1163,1118,4948033,4313,INGR
2022-04-29,1128,1176,1183,1128,8095284,7046,INGR
2022-05-04,1187,1139,1187,1137,723269,627,INGR
2022-05-05,1135,1186,1187,1134,901614,765,INGR
2022-05-06,1184,1186,1189,1184,565916,477,INGR
2022-05-11,1187,1203,1207,1187,5545010,4614,INGR
2022-05-12,1202,1212,1232,1200,9995683,8284,INGR
2022-05-13,1213,1212,1217,1210,5417765,4468,INGR
2022-05-16,1212,1266,1281,1210,13111056,10684,INGR
2022-05-17,1270,1313,1320,1263,27050557,21071,INGR
2022-05-18,1319,1341,1379,1319,3857570,2838,INGR
2022-05-19,1338,1337,1339,1318,4658734,3498,INGR
2022-05-20,1332,1289,1362,1289,8559742,6436,INGR
2022-05-23,1289,1238,1294,1238,5387840,4244,INGR
2022-05-24,1237,1234,1249,1195,15985161,13095,INGR
2022-05-25,1236,1275,1277,1228,25790441,20677,INGR
2022-05-26,1282,1342,1350,1268,46722893,35807,INGR
2022-05-27,1342,1341,1360,1335,8471691,6259,INGR
2022-05-30,1344,1336,1375,1317,22671234,16890,INGR
2022-05-31,1333,1306,1338,1284,17318265,13169,INGR
2022-06-01,1310,1316,1338,1294,20768806,15827,INGR
2022-06-02,1322,1287,1341,1287,9735982,7429,INGR
2022-06-03,1268,1258,1301,1256,25754561,20201,INGR
2022-06-06,1261,1237,1264,1232,13053252,10463,INGR
2022-06-07,1245,1245,1248,1215,5588677,4575,INGR
2022-06-08,1249,1272,1294,1249,19021423,15010,INGR
2022-06-09,1268,1250,1302,1242,4997728,3991,INGR
2022-06-10,1251,1240,1262,1233,6556029,5273,INGR
2022-06-14,1235,1237,1260,1220,21760086,17621,INGR
2022-06-15,1247,1254,1267,1235,15642255,12542,INGR
2022-06-16,1268,1292,1311,1257,13298377,10371,INGR
2022-06-17,1299,1284,1307,1276,16681233,12881,INGR
2022-06-20,1277,1327,1327,1277,16172899,12469,INGR
2022-06-21,1335,1304,1340,1301,17252346,13126,INGR
2022-06-22,1301,1309,1316,1282,20350202,15717,INGR
2022-06-23,1327,1338,1338,1293,14708529,11221,INGR
2022-06-24,1343,1321,1344,1311,13107669,9854,INGR
2022-06-27,1325,1335,1342,1322,10152433,7644,INGR
2022-06-28,1343,1325,1349,1316,6778222,5096,INGR
2022-06-29,1325,1310,1327,1297,5244916,4007,INGR
2022-06-30,1308,1200,1324,1194,60524965,48915,INGR
2022-07-01,1198,1217,1226,1183,35561355,29468,INGR
2022-07-04,1212,1233,1236,1208,20168264,16517,INGR
2022-07-05,1233,1236,1240,1216,12036482,9764,INGR
2022-07-06,1231,1263,1263,1230,18457943,14792,INGR
2022-07-07,1263,1272,1274,1262,11596562,9147,INGR
2022-07-08,1271,1273,1277,1271,4568646,3590,INGR
2022-07-11,1275,1272,1277,1272,14303361,11218,INGR
2022-07-12,1270,1272,1277,1270,5316943,4178,INGR
2022-07-13,1272,1283,1284,1261,7335838,5748,INGR
2022-07-14,1283,1303,1303,1281,24193550,18802,INGR
2022-07-15,1303,1322,1325,1300,10920276,8312,INGR
2022-07-18,1324,1323,1326,1322,13662392,10328,INGR
2022-07-19,1323,1323,1323,1300,34793558,26586,INGR
2022-07-20,1323,1317,1353,1317,21109666,15838,INGR
2022-07-21,1323,1383,1383,1272,19277196,14791,INGR
2022-07-22,1382,1402,1433,1380,38233489,27305,INGR
2022-07-25,1402,1402,1404,1402,24517190,17481,INGR
2022-07-26,1403,1393,1403,1389,26041817,18635,INGR
2022-07-27,1393,1393,1393,1390,7156859,5140,INGR
2022-07-28,1392,1392,1393,1390,1327971,954,INGR
2022-07-29,1390,1416,1422,1390,724041,515,INGR
2022-08-01,1417,1398,1420,1386,8253515,5900,INGR
2022-08-02,1386,1375,1391,1370,266221,193,INGR
2022-08-03,1368,1370,1398,1364,3418384,2486,INGR
2022-08-04,1367,1361,1383,1361,5347438,3881,INGR
2022-08-05,1360,1318,1372,1311,23162220,17342,INGR
2022-08-08,1321,1357,1394,1321,20766994,15259,INGR
2022-08-09,1358,1372,1374,1349,14422069,10560,INGR
2022-08-10,1366,1378,1396,1359,14418765,10472,INGR
2022-08-11,1385,1383,1400,1382,23401388,16874,INGR
2022-08-12,1396,1352,1400,1343,54623973,40259,INGR
2022-08-15,1352,1342,1397,1327,51579876,38136,INGR
2022-08-16,1342,1387,1389,1340,16773309,12315,INGR
2022-08-17,1393,1369,1406,1369,11608022,8389,INGR
2022-08-18,1375,1374,1398,1345,11976970,8747,INGR
2022-08-19,1377,1366,1394,1360,11394063,8323,INGR
2022-08-22,1367,1396,1404,1356,12720187,9173,INGR
2022-08-23,1400,1430,1435,1400,5493012,3872,INGR
2022-08-24,1434,1422,1449,1412,6985558,4868,INGR
2022-08-25,1424,1424,1456,1413,11946877,8361,INGR
2022-08-26,1424,1446,1446,1408,6429998,4528,INGR
2022-08-29,1450,1470,1472,1423,10180310,6963,INGR
2022-08-30,1473,1474,1490,1462,15713272,10674,INGR
2022-08-31,1477,1513,1576,1466,27471476,18135,INGR
2022-09-01,1512,1517,1530,1510,13195936,8719,INGR
2022-09-02,1517,1527,1530,1505,10028505,6587,INGR
2022-09-05,1526,1522,1553,1499,17045126,11187,INGR
2022-09-06,1521,1522,1542,1508,34074958,22341,INGR
2022-09-07,1521,1511,1535,1500,17684410,11632,INGR
2022-09-08,1501,1500,1538,1495,11042734,7314,INGR
2022-09-09,1500,1537,1545,1500,13967261,9201,INGR
2022-09-12,1529,1563,1587,1528,16065326,10266,INGR
2022-09-13,1575,1561,1584,1551,12180734,7758,INGR
2022-09-14,1561,1548,1568,1524,12190816,7937,INGR
2022-09-15,1548,1554,1575,1531,13277780,8569,INGR
2022-09-16,1556,1541,1580,1536,14847765,9573,INGR
2022-09-19,1542,1538,1565,1531,15193068,9822,INGR
2022-09-20,1538,1380,1546,1380,55333763,38051,INGR
2022-09-21,1381,1413,1413,1249,58701552,44168,INGR
2022-09-22,1413,1474,1517,1411,63091534,43020,INGR
2022-09-23,1484,1392,1484,1380,39462665,27849,INGR
2022-09-26,951,1277,1330,950,79319293,62222,INGR
2022-09-27,1239,1302,1316,1239,74520669,57873,INGR
2022-09-28,1355,1313,1378,1300,74875698,55991,INGR
2022-09-29,1339,1307,1355,1277,42835034,32795,INGR
2022-09-30,1325,1312,1363,1260,126721041,96433,INGR
2022-10-03,1388,1418,1421,1338,36802746,26914,INGR
2022-10-04,1444,1428,1461,1400,53635214,37684,INGR
2022-10-05,1425,1414,1429,1374,39485291,28254,INGR
2022-10-06,1415,1406,1444,1401,55395103,38849,INGR
2022-10-07,1400,1337,1400,1336,32392923,23566,INGR
2022-10-10,1447,1307,1447,1298,71238931,54660,INGR
2022-10-11,1306,1312,1325,1300,36829614,28046,INGR
2022-10-12,1322,1313,1358,1301,49131715,37347,INGR
2022-10-13,1313,1311,1342,1303,38608777,29258,INGR
2022-10-14,1326,1302,1337,1298,20699404,15866,INGR
2022-10-17,1336,1369,1373,1314,21572691,15996,INGR
2022-10-18,1391,1391,1402,1354,23636301,17088,INGR
2022-10-19,1357,1340,1372,1329,70206979,52104,INGR
2022-10-20,1355,1390,1401,1355,34839812,25252,INGR
2022-10-21,1395,1408,1411,1366,23304840,16788,INGR
2022-10-24,1476,1425,1477,1415,21037518,14643,INGR
2022-10-25,1432,1500,1500,1424,837048,572,INGR
2022-10-26,1500,1493,1518,1466,56377554,37782,INGR
2022-10-27,1496,1539,1545,1496,45270428,29682,INGR
2022-10-28,1541,1542,1549,1509,38930845,25381,INGR
2022-10-31,1550,1547,1656,1530,31760991,20500,INGR
2022-11-01,1552,1550,1568,1522,15228275,9809,INGR
2022-11-02,1556,1550,1558,1537,14853451,9598,INGR
2022-11-03,1530,1528,1535,1506,57352751,37586,INGR
2022-11-07,1517,1505,1581,1500,30274523,19910,INGR
2022-11-08,1501,1503,1511,1501,94398542,62754,INGR
2022-11-09,1502,1502,1506,1500,17448662,11614,INGR
2022-11-10,1502,1503,1511,1496,19683299,13076,INGR
2022-11-11,1501,1502,1507,1473,30659295,20393,INGR
2022-11-14,1390,1503,1529,1390,34026698,22650,INGR
2022-11-15,1503,1485,1507,1474,30537413,20457,INGR
2022-11-16,1429,1487,1498,1426,34983252,23546,INGR
2022-11-17,1490,1484,1501,1469,20842885,13995,INGR
2022-11-18,1471,1483,1488,1462,17247260,11697,INGR
2022-11-21,1530,1450,1530,1449,5184319,3535,INGR
2022-11-22,1459,1492,1492,1453,27330211,18605,INGR
2022-11-23,1487,1453,1516,1442,35861768,24098,INGR
2022-11-24,1452,1448,1476,1444,62850508,43205,INGR
2022-11-25,1447,1433,1454,1421,16691764,11602,INGR
2022-11-28,1420,1420,1425,1405,17019109,12027,INGR
2022-11-29,1415,1429,1435,1406,20178859,14158,INGR
2022-11-30,1425,1419,1438,1402,20368157,14318,INGR
2022-12-01,1431,1438,1447,1429,15107106,10525,INGR
2022-12-02,1435,1431,1441,1421,17230838,12040,INGR
2022-12-05,1437,1461,1472,1419,24952643,17157,INGR
2022-12-06,1459,1445,1463,1440,14885026,10291,INGR
2022-12-07,1439,1431,1449,1420,36781405,25715,INGR
2022-12-08,1428,1422,1432,1403,23069815,16194,INGR
2022-12-09,1416,1415,1422,1396,23268041,16431,INGR
2022-12-12,1437,1407,1437,1396,23412320,16612,INGR
2022-12-13,1408,1409,1412,1390,24882082,17754,INGR
2022-12-14,1407,1396,1416,1387,27137948,19408,INGR
2022-12-15,1390,1423,1423,1362,41538350,29974,INGR
2022-12-16,1420,1483,1485,1420,48739955,33487,INGR
2022-12-19,1500,1481,1500,1453,30308722,20573,INGR
2022-12-20,1477,1502,1505,1444,32183111,21802,INGR
2022-12-21,1503,1491,1528,1484,22595743,14983,INGR
2022-12-22,1498,1492,1516,1486,18318681,12173,INGR
2022-12-23,1496,1498,1504,1478,16217613,10924,INGR
2022-12-26,1527,1522,1550,1491,21927760,14525,INGR
2022-12-27,1523,1565,1574,1509,21472326,13892,INGR
2022-12-28,1562,1572,1575,1557,20418486,13003,INGR
2022-12-29,1573,1575,1578,1542,19892501,12646,INGR
2022-12-30,1574,1570,1575,1569,20120184,12788,INGR
2023-01-03,1568,1596,1618,1566,39576807,24999,INGR
2023-01-04,1598,1593,1608,1582,19937228,12506,INGR
2023-01-05,1598,1582,1598,1578,17821281,11232,INGR
2023-01-06,1587,1582,1592,1575,20081317,12677,INGR
2023-01-09,1584,1599,1618,1584,22592638,14160,INGR
2023-01-10,1597,1594,1615,1573,19686347,12380,INGR
2023-01-11,1594,1630,1632,1587,18143940,11258,INGR
2023-01-12,1635,1626,1648,1614,18776901,11523,INGR
2023-01-13,1627,1623,1644,1615,20928838,12893,INGR
2023-01-16,1523,1649,1653,1370,37105599,23171,INGR
2023-01-17,1650,1629,1657,1625,20619854,12593,INGR
2023-01-18,1614,1638,1645,1581,18178465,11139,INGR
2023-01-19,1626,1611,1633,1606,17445107,10783,INGR
2023-01-20,1613,1609,1623,1590,41507459,25953,INGR
2023-01-23,1636,1627,1642,1577,21845998,13431,INGR
2023-01-24,1639,1615,1649,1614,20357531,12505,INGR
2023-01-25,1618,1613,1623,1602,19039830,11814,INGR
2023-01-26,1620,1615,1626,1611,16094361,9937,INGR
2023-01-27,1621,1642,1643,1612,16536813,10151,INGR
2023-01-30,1650,1657,1679,1638,19706261,11945,INGR
2023-01-31,1657,1679,1681,1655,15614808,9359,INGR
2023-02-01,1687,1688,1709,1680,19684490,11603,INGR
2023-02-02,1696,1707,1717,1683,17655690,10377,INGR
2023-02-03,1705,1706,1716,1678,20487344,12094,INGR
2023-02-06,1696,1742,1745,1696,24650643,14295,INGR
2023-02-07,1744,1739,1764,1731,33730441,19305,INGR
2023-02-08,1743,1721,1758,1721,46970140,27073,INGR
2023-02-09,1660,1737,1751,1400,17041806,9907,INGR
2023-02-10,1729,1731,1739,1726,18135588,10462,INGR
2023-02-13,1729,1733,1748,1697,18934940,10895,INGR
2023-02-14,1725,1703,1736,1695,23064135,13473,INGR
2023-02-15,1700,1647,1700,1647,16807816,10034,INGR
2023-02-16,1629,1638,1675,1628,38087206,23033,INGR
2023-02-17,1641,1663,1674,1631,41277543,24988,INGR
2023-02-20,1657,1689,1689,1635,19631922,11919,INGR
2023-02-21,1682,1723,1749,1678,127706639,74398,INGR
2023-02-22,1732,1724,1735,1705,18321390,10694,INGR
2023-02-24,1721,1716,1739,1712,28822994,16689,INGR
2023-02-27,1723,1759,1759,1686,59865156,34618,INGR
2023-02-28,1751,1771,1782,1751,21738549,12293,INGR
2023-03-01,1777,1803,1822,1776,24508841,13622,INGR
2023-03-02,1806,1776,1819,1766,65292187,36679,INGR
2023-03-03,1771,1799,1806,1769,28336967,15849,INGR
2023-03-06,1806,1824,1832,1806,19570435,10741,INGR
2023-03-07,1813,1825,1831,1813,16347549,8969,INGR
2023-03-09,1821,1811,1833,1807,29134669,16005,INGR
2023-03-10,1813,1796,1816,1783,17177359,9569,INGR
2023-03-13,1774,1763,1814,1758,106227572,59503,INGR
2023-03-14,1756,1737,1811,1732,49261154,27900,INGR
2023-03-15,1771,1753,1771,1718,78165328,44980,INGR
2023-03-16,1795,1751,1795,1727,27421312,15628,INGR
2023-03-17,1762,1833,1845,1757,90109909,50095,INGR
2023-03-20,1841,1847,1880,1833,74193534,39861,INGR
2023-03-21,1848,1823,1865,1780,39217168,21368,INGR
2023-03-22,1821,1733,1823,1732,70073269,39798,INGR
2023-03-23,1733,1719,1748,1705,25178820,14611,INGR
2023-03-24,1720,1720,1733,1711,17485982,10174,INGR
2023-03-27,1730,1682,1731,1680,38069559,22499,INGR
2023-03-28,1683,1679,1687,1661,26002357,15495,INGR
2023-03-29,1679,1684,1712,1669,13492441,8026,INGR
2023-03-30,1681,1688,1690,1662,21911240,13034,INGR
2023-03-31,1689,1650,1691,1622,26410435,15936,INGR
2023-04-03,1688,1658,1688,1630,23412565,14190,INGR
2023-04-04,1658,1655,1667,1652,27322007,16439,INGR
2023-04-05,1656,1659,1666,1631,22838699,13827,INGR
2023-04-06,1661,1659,1665,1653,18614318,11207,INGR
2023-04-07,1658,1662,1665,1652,18042057,10874,INGR
2023-04-10,1660,1663,1671,1648,14578681,8765,INGR
2023-04-11,1670,1649,1675,1625,35206075,21275,INGR
2023-04-12,1638,1652,1657,1626,35496986,21596,INGR
2023-04-13,1648,1644,1665,1635,26822050,16330,INGR
2023-04-14,1652,1640,1656,1630,15924447,9706,INGR
2023-04-17,1645,1640,1655,1627,19446035,11837,INGR
2023-04-18,1648,1641,1655,1624,21517033,13130,INGR
2023-04-19,1646,1622,1647,1592,44712829,27578,INGR
2023-04-20,1619,1621,1627,1566,65686228,41121,INGR
2023-04-21,1622,1620,1631,1603,25499553,15762,INGR
2023-04-24,1621,1610,1625,1588,24706317,15273,INGR
2023-04-25,1613,1593,1627,1585,30947198,19346,INGR
2023-04-26,1594,1582,1597,1579,17610558,11079,INGR
2023-04-27,1582,1585,1589,1574,17664570,11160,INGR
2023-04-28,1588,1564,1592,1535,37323288,24002,INGR
2023-05-02,1556,1485,1565,1462,71664479,47235,INGR
2023-05-03,1494,1441,1497,1440,84384858,57513,INGR
2023-05-04,1420,1434,1448,1420,31766393,22059,INGR
2023-05-05,1440,1435,1443,1429,15458820,10786,INGR
2023-05-08,1435,1415,1447,1404,18573575,13118,INGR
2023-05-10,1415,1421,1422,1383,30540961,21742,INGR
2023-05-11,1418,1421,1432,1417,10964586,7700,INGR
2023-05-12,1421,1418,1421,1366,26206703,18844,INGR
2023-05-15,1420,1467,1467,1402,13900781,9583,INGR
2023-05-16,1485,1490,1510,1480,10762206,7199,INGR
2023-05-17,1490,1491,1510,1485,19223360,12853,INGR
2023-05-18,1494,1427,1554,1418,39046879,26007,INGR
2023-05-19,1450,1421,1526,1400,19450185,13421,INGR
2023-05-22,1427,1430,1458,1416,13108613,9145,INGR
2023-05-23,1436,1432,1438,1421,11760339,8222,INGR
2023-05-24,1435,1441,1445,1423,12847663,8972,INGR
2023-05-25,1446,1443,1457,1426,15613938,10833,INGR
2023-05-26,1446,1475,1478,1435,15735481,10805,INGR
2023-05-29,1475,1518,1520,1461,18962168,12613,INGR
2023-05-30,1527,1507,1534,1501,21285916,13963,INGR
2023-05-31,1509,1523,1534,1491,17182123,11368,INGR
2023-06-01,1524,1523,1534,1516,16426573,10768,INGR
2023-06-02,1518,1522,1528,1452,14491988,9561,INGR
2023-06-05,1521,1513,1544,1504,16463805,10782,INGR
2023-06-06,1513,1505,1513,1470,10921221,7297,INGR
2023-06-07,1507,1518,1537,1507,13979879,9176,INGR
2023-06-08,1518,1526,1534,1508,13525633,8877,INGR
2023-06-09,1527,1528,1541,1522,13761502,8986,INGR
2023-06-13,1530,1570,1574,1524,20449547,13149,INGR
2023-06-14,1590,1583,1599,1571,14468272,9130,INGR
2023-06-15,1590,1610,1630,1577,17629806,11056,INGR
2023-06-16,1620,1605,1626,1601,14202046,8825,INGR
2023-06-19,1608,1616,1635,1602,7673413,4758,INGR
2023-06-20,1616,1683,1683,1604,25089016,15441,INGR
2023-06-21,1680,1697,1709,1656,18676306,11045,INGR
2023-06-22,1695,1699,1707,1692,4709940,2773,INGR
2023-06-23,1690,1688,1706,1608,20074533,11926,INGR
2023-06-26,1675,1673,1688,1654,17365486,10360,INGR
2023-06-27,1678,1706,1706,1668,15275791,9056,INGR
2023-06-28,1706,1704,1719,1693,16210213,9482,INGR
2023-06-29,1714,1718,1729,1704,15359366,8938,INGR
2023-06-30,1719,1712,1719,1684,15071816,8789,INGR
2023-07-03,1687,1713,1718,1683,13576507,7934,INGR
2023-07-04,1714,1715,1718,1704,38608898,22538,INGR
2023-07-05,1715,1717,1718,1705,15068125,8792,INGR
2023-07-06,1720,1734,1752,1719,85553182,49083,INGR
2023-07-07,1900,1738,2384,1669,133573874,70509,INGR
2023-07-10,1729,1763,1799,1707,21007575,11972,INGR
2023-07-11,1780,1771,1795,1753,21041505,11904,INGR
2023-07-12,1782,1814,1824,1775,23775597,13200,INGR
2023-07-13,1816,1815,1828,1805,17585403,9700,INGR
2023-07-14,1814,1832,1847,1803,16763488,9184,INGR
2023-07-17,1831,1893,1893,1810,23727371,12797,INGR
2023-07-18,1893,1941,1959,1856,22846288,11862,INGR
2023-07-19,1952,1940,1956,1932,19525890,10062,INGR
2023-07-20,1935,1932,1944,1923,16484156,8539,INGR
2023-07-21,1918,1935,1945,1917,15980084,8281,INGR
2023-07-24,1950,1946,2040,1934,18940206,9691,INGR
2023-07-25,1960,1983,1987,1955,17032185,8628,INGR
2023-07-26,1996,1977,2000,1972,16131002,8144,INGR
2023-07-27,1978,1980,2010,1970,16616244,8385,INGR
2023-07-28,1982,1976,1998,1967,25088605,12675,INGR
2023-07-31,1975,1982,1984,1970,36342304,18377,INGR
2023-08-01,1985,1979,1991,1940,22955649,11592,INGR
2023-08-02,1988,1983,1998,1956,11854345,6001,INGR
2023-08-03,2002,1984,2050,1974,19245216,9679,INGR
2023-08-04,1986,1916,2020,1812,71771578,36736,INGR
2023-08-07,1922,1919,1952,1901,40913510,21306,INGR
2023-08-08,1915,1914,1956,1848,42835603,22809,INGR
2023-08-09,1920,1910,1951,1910,17854389,9308,INGR
2023-08-10,1914,1909,1943,1895,14937611,7811,INGR
2023-08-11,1925,1913,1949,1882,17492832,9163,INGR
2023-08-14,1919,1888,1934,1871,21766507,11402,INGR
2023-08-15,1883,1883,1894,1850,44631133,23777,INGR
2023-08-16,1888,1798,1888,1765,55496725,30944,INGR
2023-08-17,1801,1799,1803,1783,17139203,9581,INGR
2023-08-18,1801,1805,1807,1798,1058362,587,INGR
2023-08-21,1810,1810,1855,1802,2020966,1113,INGR
2023-08-22,1812,1815,1815,1795,5943132,3291,INGR
2023-08-23,1813,1790,1887,1755,28722326,16177,INGR
2023-08-24,1786,1772,1791,1754,5151614,2921,INGR
2023-08-25,1776,1776,1777,1768,723623,408,INGR
2023-08-28,1780,1776,1781,1773,989427,557,INGR
2023-08-29,1779,1772,1779,1754,8240445,4650,INGR
2023-08-30,1776,1768,1811,1761,12454477,7016,INGR
2023-08-31,1768,1767,1774,1751,12992871,7355,INGR
2023-09-01,1767,1762,1778,1752,13105498,7436,INGR
2023-09-04,1762,1768,1796,1752,14570986,8255,INGR
2023-09-05,1770,1765,1773,1743,15052868,8537,INGR
2023-09-06,1765,1748,1771,1735,15466585,8845,INGR
2023-09-07,1753,1702,1753,1650,40780536,23919,INGR
2023-09-08,1707,1694,1727,1646,50048546,29988,INGR
2023-09-11,1699,1677,1726,1673,13718961,8137,INGR
2023-09-12,1676,1699,1720,1673,12984422,7677,INGR
2023-09-13,1696,1693,1715,1678,13292070,7824,INGR
2023-09-14,1690,1677,1691,1661,28618193,17157,INGR
2023-09-15,1672,1686,1698,1669,21034167,12535,INGR
2023-09-18,1682,1674,1710,1671,12533729,7431,INGR
2023-09-19,1679,1640,1698,1613,20472471,12410,INGR
2023-09-20,1636,1637,1687,1605,31599878,19475,INGR
2023-09-21,1641,1604,1669,1603,8750557,5394,INGR
2023-09-22,1600,1663,1663,1597,13514510,8403,INGR
2023-09-25,1659,1663,1711,1659,18542006,11149,INGR
2023-09-26,1658,1660,1690,1640,15035173,9099,INGR
2023-09-27,1665,1673,1697,1658,37531744,22308,INGR
2023-09-28,1677,1723,1732,1671,34142262,20311,INGR
2023-09-29,1722,1732,1777,1696,41468035,23574,INGR
2023-10-02,1736,1732,1766,1728,32492921,18613,INGR
2023-10-03,1739,1739,1748,1715,14253384,8245,INGR
2023-10-04,1739,1738,1764,1727,20400214,11697,INGR
2023-10-05,1734,1736,1739,1722,8694265,5030,INGR
2023-10-06,1732,1746,1770,1729,9774366,5613,INGR
2023-10-09,1751,1764,1784,1745,14901808,8436,INGR
2023-10-10,1817,1768,1817,1760,14007197,7929,INGR
2023-10-11,1772,1777,1801,1762,12078485,6812,INGR
2023-10-12,1772,1765,1781,1749,12906650,7343,INGR
2023-10-13,1767,1772,1800,1762,11038573,6232,INGR
2023-10-16,1768,1793,1797,1768,14876463,8322,INGR
2023-10-17,1796,1806,1817,1772,12386400,6891,INGR
2023-10-18,1806,1805,1822,1773,15208458,8419,INGR
2023-10-19,1809,1802,1813,1780,11305957,6282,INGR
2023-10-20,1799,1805,1810,1776,9306927,5182,INGR
2023-10-23,1809,1798,1812,1792,13119437,7280,INGR
2023-10-24,1801,1794,1809,1784,11776193,6563,INGR
2023-10-25,1794,1792,1810,1781,11153108,6232,INGR
2023-10-26,1790,1767,1819,1763,22951536,12915,INGR
2023-10-27,1765,1764,1775,1733,15500622,8806,INGR
2023-10-30,1761,1770,1776,1749,12422613,7026,INGR
2023-10-31,1778,1749,1805,1740,10203855,5824,INGR
2023-11-01,1757,1752,1761,1739,9702151,5528,INGR
2023-11-02,1751,1756,1767,1748,9846740,5601,INGR
2023-11-03,1755,1756,1765,1732,11136531,6345,INGR
2023-11-06,1761,1766,1766,1752,11165618,6339,INGR
2023-11-07,1767,1770,1801,1761,11470775,6484,INGR
2023-11-08,1775,1832,1833,1762,29002113,16099,INGR
2023-11-09,1837,1823,1837,1777,18033177,9875,INGR
2023-11-10,1819,1822,1835,1815,9593273,5268,INGR
2023-11-13,1822,1820,1866,1791,19178194,10470,INGR
2023-11-14,1821,1797,1846,1789,15884976,8808,INGR
2023-11-15,1792,1800,1815,1762,14515351,8134,INGR
2023-11-16,1805,1788,1810,1773,10675383,5954,INGR
2023-11-17,1786,1800,1807,1767,13563228,7619,INGR
2023-11-20,1805,1801,1806,1790,10838536,6031,INGR
2023-11-21,1797,1810,1810,1782,8405395,4675,INGR
2023-11-22,1810,1815,1825,1788,16528223,9106,INGR
2023-11-23,1818,1806,1848,1805,9768191,5377,INGR
2023-11-24,1802,1801,1842,1796,9387055,5195,INGR
2023-11-27,1798,1779,1806,1745,11739970,6549,INGR
2023-11-28,1777,1779,1828,1761,6521078,3672,INGR
2023-11-29,1783,1768,1783,1746,10313164,5828,INGR
2023-11-30,1771,1763,1803,1746,11533803,6536,INGR
2023-12-01,1759,1746,1764,1746,8620754,4914,INGR
2023-12-04,1745,1725,1750,1705,13977408,8073,INGR
2023-12-05,1723,1733,1749,1701,13219935,7685,INGR
2023-12-06,1730,1706,1744,1706,8408304,4884,INGR
2023-12-07,1703,1707,1711,1677,10751141,6344,INGR
2023-12-08,1707,1707,1722,1698,7737370,4524,INGR
2023-12-11,1710,1676,1741,1676,36429502,21561,INGR
2023-12-12,1672,1678,1689,1662,1959224,1168,INGR
2023-12-13,1674,1683,1689,1645,6221246,3727,INGR
2023-12-14,1688,1672,1708,1669,9148412,5423,INGR
2023-12-15,1676,1682,1705,1646,23936265,14395,INGR
2023-12-18,1682,1714,1715,1681,22295885,13055,INGR
2023-12-19,1719,1745,1766,1711,20177532,11622,INGR
2023-12-20,1750,1764,1793,1750,17464875,9891,INGR
2023-12-21,1760,1765,1799,1752,7642601,4329,INGR
2023-12-22,1770,1774,1794,1752,28128410,15830,INGR
2023-12-25,1771,1775,1800,1752,9541478,5366,INGR
2023-12-26,1780,1847,1848,1751,15417952,8671,INGR
2023-12-27,1853,1853,1877,1825,6622894,3573,INGR
2023-12-28,1858,1892,1893,1835,10042499,5394,INGR
2023-12-29,1896,1902,1918,1843,15748415,8287,INGR
2024-01-03,1892,1890,1906,1864,257050,136,INGR
2024-01-04,1891,1879,1893,1874,519182,276,INGR
2024-01-05,1880,1852,1880,1850,2804708,1515,INGR
2024-01-08,1861,1868,1872,1860,193738,104,INGR
2024-01-09,1870,1871,1894,1869,165061,88,INGR
2024-01-10,1871,1853,1897,1849,1161860,625,INGR
2024-01-11,1868,1840,1872,1820,1775535,965,INGR
2024-01-12,1830,1855,1858,1830,2162117,1165,INGR
2024-01-15,1857,1857,1870,1829,975161,527,INGR
2024-01-16,1857,1859,1888,1857,1065041,568,INGR
2024-01-17,1859,1875,1884,1858,755668,404,INGR
2024-01-18,1960,1928,2055,1900,3756417,1916,INGR
2024-01-19,1929,1918,1941,1903,701361,366,INGR
2024-01-22,1918,1912,1918,1896,630858,332,INGR
2024-01-23,1915,1889,1915,1887,269758,142,INGR
2024-01-24,1889,1903,1914,1872,904224,475,INGR
2024-01-25,1906,1877,1919,1876,1644863,867,INGR
2024-01-26,1915,1850,1915,1850,1249122,667,INGR
2024-01-29,1855,1840,1867,1840,576018,312,INGR
2024-01-30,1840,1786,1840,1784,1934292,1074,INGR
2024-01-31,1786,1816,1817,1786,580927,321,INGR
2024-02-01,1801,1800,1817,1794,698327,386,INGR
2024-02-02,1794,1790,1813,1788,682363,380,INGR
2024-02-05,1772,1798,1806,1757,543078,305,INGR
2024-02-06,1783,1788,1808,1783,104307,58,INGR
2024-02-07,1807,1785,1807,1770,1183354,666,INGR
2024-02-08,1788,1772,1790,1772,560138,314,INGR
2024-02-09,1771,1760,1780,1760,707587,401,INGR
2024-02-12,1759,1740,1759,1738,1019742,585,INGR
2024-02-13,1740,1764,1774,1738,450607,256,INGR
2024-02-14,1777,1765,1785,1757,557065,314,INGR
2024-02-15,1765,1799,1800,1759,5382857,3024,INGR
2024-02-16,1810,1785,1810,1770,4770144,2684,INGR
2024-02-19,1785,1784,1804,1776,522407,291,INGR
2024-02-20,1789,1758,1800,1751,601012,342,INGR
2024-02-21,1751,1705,1763,1701,937899,544,INGR
2024-02-22,1733,1705,1734,1702,199445,116,INGR
2024-02-26,1705,1709,1743,1705,763828,445,INGR
2024-02-27,1710,1745,1747,1710,302135,174,INGR
2024-02-28,1758,1770,1775,1744,5378592,3045,INGR
2024-02-29,1780,1794,1819,1774,1757030,972,INGR
2024-03-01,1774,1767,1780,1761,4235580,2404,INGR
2024-03-04,1762,1750,1768,1750,1436729,820,INGR
2024-03-05,1754,1740,1754,1737,238831,137,INGR
2024-03-06,1741,1752,1757,1741,204719,117,INGR
2024-03-07,1758,1743,1758,1743,64728,37,INGR
2024-03-11,1748,1743,1756,1738,179687,103,INGR
2024-03-12,1737,1740,1743,1720,272358,157,INGR
2024-03-13,1737,1732,1741,1728,125007,72,INGR
2024-03-14,1736,1732,1737,1716,103346,60,INGR
2024-03-15,1735,1725,1739,1719,105303,61,INGR
2024-03-18,1724,1728,1729,1723,260990,151,INGR
2024-03-19,1719,1722,1746,1718,210958,122,INGR
2024-03-20,1738,1710,1738,1710,329087,192,INGR
2024-03-21,1717,1715,1718,1711,142259,83,INGR
2024-03-22,1711,1714,1714,1705,76931,45,INGR
2024-03-25,1715,1711,1762,1711,445977,258,INGR
2024-03-26,1721,1746,1746,1711,707540,408,INGR
2024-03-27,1746,1794,1835,1746,7624805,4281,INGR
2024-03-28,1791,1845,1857,1785,1411810,779,INGR
2024-03-29,1872,1857,1888,1811,1036355,559,INGR
2024-04-01,1849,1867,1879,1845,1047333,562,INGR
2024-04-02,1855,1866,1875,1849,445824,239,INGR
2024-04-03,1835,1864,1873,1829,286975,154,INGR
2024-04-04,1857,1855,1858,1843,482131,260,INGR
2024-04-05,1855,1859,1867,1855,293660,158,INGR
2024-04-08,1859,1850,1878,1845,1006933,541,INGR
2024-04-09,1850,1859,1863,1850,141202,76,INGR
2024-04-10,1858,1895,1898,1858,1831217,974,INGR
2024-04-11,1895,1926,1969,1869,3955498,2050,INGR
2024-04-12,1916,1875,1969,1875,1944120,1029,INGR
2024-04-15,1919,1859,1919,1859,557920,298,INGR
2024-04-16,1860,1846,1862,1835,1650228,891,INGR
2024-04-17,1852,1841,1854,1840,114417,62,INGR
2024-04-18,1841,1849,1865,1837,176950,96,INGR
2024-04-19,1841,1854,1875,1836,2806672,1502,INGR
2024-04-22,1840,1842,1861,1840,94153,51,INGR
2024-04-23,1859,1815,1859,1815,2737989,1494,INGR
2024-04-24,1802,1835,1835,1800,226887,125,INGR
2024-04-25,1807,1791,1835,1764,512584,284,INGR
2024-04-26,1754,1776,1805,1754,735813,414,INGR
2024-04-27,1764,1809,1821,1764,108253,60,INGR
2024-04-29,1801,1819,1819,1782,165047,91,INGR
2024-04-30,1814,1824,1834,1805,388925,214,INGR
2024-05-02,1837,1854,2179,1837,30410011,15043,INGR
2024-05-03,1853,1821,1905,1816,1279500,697,INGR
2024-05-06,1837,1816,1874,1794,1344174,739,INGR
2024-05-07,1810,1780,1825,1734,6990470,3893,INGR
2024-05-08,1767,1800,1800,1763,795313,446,INGR
2024-05-10,1799,1800,1831,1799,922757,510,INGR
2024-05-13,1806,1811,1825,1800,215620,119,INGR
2024-05-14,1803,1772,1804,1772,2918420,1632,INGR
2024-05-15,1778,1772,1798,1772,448970,253,INGR
2024-05-16,1772,1760,1783,1760,959739,543,INGR
2024-05-17,1767,1775,1789,1751,719537,407,INGR
2024-05-20,1777,1755,1787,1754,928596,527,INGR
2024-05-21,1761,1741,1763,1741,309732,177,INGR
2024-05-22,1750,1820,1914,1750,2945188,1601,INGR
2024-05-23,1797,1789,1839,1788,407486,227,INGR
2024-05-24,1789,1779,1800,1761,349930,196,INGR
2024-05-27,1770,1780,1790,1750,2808187,1575,INGR
2024-05-28,1790,1790,1825,1770,5047508,2812,INGR
2024-05-29,1775,1771,1784,1770,1313649,742,INGR
2024-05-30,1781,1789,1790,1758,284904,160,INGR
2024-05-31,1764,1760,1772,1760,500206,284,INGR
2024-06-03,1760,1771,1775,1740,925484,527,INGR
2024-06-04,1771,1791,1791,1760,156153,88,INGR
2024-06-05,1790,1790,1790,1767,162241,91,INGR
2024-06-06,1868,1794,1868,1785,268177,148,INGR
2024-06-07,1802,1799,1813,1792,182420,101,INGR
2024-06-10,1797,1805,1830,1794,578961,319,INGR
2024-06-11,1805,1780,1805,1780,501127,281,INGR
2024-06-13,1753,1768,1779,1751,340530,193,INGR
2024-06-14,1766,1764,1767,1751,145750,83,INGR
2024-06-17,1765,1788,1847,1753,3889873,2177,INGR
2024-06-18,1789,1760,1820,1760,407733,231,INGR
2024-06-19,1750,1741,1761,1741,1585098,909,INGR
2024-06-20,1741,1650,1741,1600,2930611,1755,INGR
2024-06-21,1671,1652,1718,1651,481828,289,INGR
2024-06-24,1667,1661,1678,1640,1282652,771,INGR
2024-06-25,1650,1701,1701,1640,326005,196,INGR
2024-06-26,1701,1703,1727,1693,379628,222,INGR
2024-06-27,1700,1727,1730,1669,133726,78,INGR
2024-06-28,1725,1749,1750,1725,321648,185,INGR
2024-07-01,1731,1615,1732,1615,9550815,5648,INGR
2024-07-02,1630,1625,1670,1570,3636149,2271,INGR
2024-07-03,1623,1584,1624,1578,1056750,662,INGR
2024-07-04,1600,1543,1640,1500,1902144,1214,INGR
2024-07-05,1543,1555,1575,1501,731282,473,INGR
2024-07-08,1576,1575,1581,1560,577400,369,INGR
2024-07-09,1532,1518,1554,1518,386789,252,INGR
2024-07-10,1512,1477,1527,1476,442566,293,INGR
2024-07-11,1477,1485,1519,1477,430151,287,INGR
2024-07-12,1480,1483,1496,1480,96773,65,INGR
2024-07-15,1483,1463,1500,1463,297603,201,INGR
2024-07-16,1463,1451,1464,1450,95920,66,INGR
2024-07-17,1451,1443,1459,1443,103214,71,INGR
2024-07-18,1441,1477,1488,1428,203756,140,INGR
2024-07-19,1477,1487,1497,1477,77278,52,INGR
2024-07-22,1494,1489,1497,1483,177425,119,INGR
2024-07-23,1490,1487,1497,1468,303731,205,INGR
2024-07-24,1451,1484,1491,1451,36985,25,INGR
2024-07-25,1488,1491,1491,1488,32788,22,INGR
2024-07-26,1491,1512,1520,1491,375635,250,INGR
2024-07-29,1520,1495,1523,1490,158891,106,INGR
2024-07-30,1504,1560,1628,1504,620965,395,INGR
2024-07-31,1569,1516,1650,1471,496883,315,INGR
2024-08-01,1516,1533,1557,1514,97682,64,INGR
2024-08-02,1519,1481,1522,1481,127399,85,INGR
2024-08-05,1503,1481,1503,1470,153915,104,INGR
2024-08-06,1487,1477,1487,1471,213810,145,INGR
2024-08-07,1485,1479,1494,1471,131528,89,INGR
2024-08-08,1481,1471,1484,1463,14785,10,INGR
2024-08-09,1470,1451,1471,1450,66921,46,INGR
2024-08-12,1450,1416,1450,1408,192775,135,INGR
2024-08-13,1440,1464,1464,1428,114085,79,INGR
2024-08-14,1464,1468,1478,1464,103038,70,INGR
2024-08-15,1474,1461,1482,1460,216447,147,INGR
2024-08-16,1479,1470,1479,1462,41173,28,INGR
2024-08-19,1465,1451,1480,1450,8237129,5620,INGR
2024-08-20,1457,1451,1471,1450,182112,125,INGR
2024-08-21,1451,1526,1740,1432,2795893,1765,INGR
2024-08-22,1527,1585,1586,1391,3099989,2042,INGR
2024-08-23,1583,1512,1583,1433,780994,522,INGR
2024-08-26,1530,1588,1720,1530,3512788,2101,INGR
2024-08-27,1623,1581,1625,1573,1393165,871,INGR
2024-08-28,1611,1586,1659,1552,1818796,1126,INGR
2024-08-29,1639,1586,1640,1586,253729,159,INGR
2024-08-30,1586,1586,1624,1478,1130278,730,INGR
2024-09-02,1596,1514,1597,1490,3678449,2364,INGR
2024-09-03,1450,1499,1568,1450,221370,147,INGR
2024-09-04,1530,1521,1534,1505,57597,38,INGR
2024-09-05,1533,1504,1538,1504,257043,168,INGR
2024-09-06,1498,1504,1534,1476,812111,537,INGR
2024-09-09,1507,1500,1527,1500,179343,119,INGR
2024-09-10,1506,1520,1532,1500,298183,197,INGR
2024-09-11,1511,1519,1519,1511,7563,5,INGR
2024-09-12,1514,1491,1514,1475,212126,142,INGR
2024-09-13,1489,1496,1506,1471,79127,53,INGR
2024-09-16,1512,1496,1525,1494,206766,137,INGR
2024-09-17,1523,1455,1525,1455,626317,419,INGR
2024-09-18,1488,1502,1579,1471,341833,227,INGR
2024-09-19,1507,1515,1516,1507,61963,41,INGR
2024-09-20,1516,1515,1532,1515,152129,100,INGR
2024-09-23,1514,1517,1529,1512,80301,53,INGR
2024-09-24,1515,1517,1556,1514,1295006,841,INGR
2024-09-25,1536,1500,1650,1500,1668520,1074,INGR
2024-09-26,1500,1508,1513,1490,198957,133,INGR
2024-09-27,1511,1527,1527,1511,60464,40,INGR
2024-09-30,1545,1526,1545,1513,1922512,1253,INGR
2024-10-01,1536,1500,1567,1500,247630,163,INGR
2024-10-02,1503,1483,1503,1481,53912,36,INGR
2024-10-03,1487,1402,1487,1286,764045,535,INGR
2024-10-04,1434,1457,1486,1420,603119,420,INGR
2024-10-07,1455,1438,1462,1438,127226,88,INGR
2024-10-08,1438,1418,1438,1409,90916,64,INGR
2024-10-09,1411,1355,1411,1326,159152,117,INGR
2024-10-10,1356,1343,1356,1342,106229,79,INGR
2024-10-11,1344,1404,1482,1342,312645,220,INGR
2024-10-14,1401,1387,1419,1374,73769,53,INGR
2024-10-15,1399,1416,1468,1377,467514,322,INGR
2024-10-16,1460,1537,1645,1460,1799706,1157,INGR
2024-10-17,1514,1513,1572,1501,1572567,1020,INGR
2024-10-18,1503,1525,1642,1491,774597,496,INGR
2024-10-21,1578,1526,1648,1470,1676490,1098,INGR
2024-10-22,1527,1530,1608,1501,712411,463,INGR
2024-10-23,1530,1492,1558,1488,697499,456,INGR
2024-10-24,1492,1587,1590,1491,101589,66,INGR
2024-10-25,1590,1560,1624,1512,362702,231,INGR
2024-10-28,1544,1578,1578,1540,282317,180,INGR
2024-10-29,1579,1578,1595,1512,247678,158,INGR
2024-10-30,1592,1583,1599,1564,487176,305,INGR
2024-10-31,1566,1533,1572,1533,54609,35,INGR
2024-11-01,1518,1518,1518,1518,1518,1,INGR
2024-11-02,1564,1610,1642,1542,313618,195,INGR
2024-11-05,1596,1632,1648,1560,886228,546,INGR
2024-11-06,1636,1614,1662,1614,547488,332,INGR
2024-11-07,1614,1670,1676,1610,297692,180,INGR
2024-11-08,1682,1666,1684,1632,581184,351,INGR
2024-11-11,1684,1674,1686,1634,365390,220,INGR
2024-11-12,1684,1670,1684,1656,313946,189,INGR
2024-11-13,1660,1674,1674,1654,188466,113,INGR
2024-11-14,1670,1670,1674,1646,340424,204,INGR
2024-11-15,1668,1664,1672,1664,23322,14,INGR
2024-11-18,1644,1676,1686,1620,881354,528,INGR
2024-11-19,1664,1674,1680,1660,405684,243,INGR
2024-11-20,1676,1670,1684,1670,167296,100,INGR
2024-11-21,1668,1668,1674,1644,338628,203,INGR
2024-11-22,1670,1670,1726,1666,647284,387,INGR
2024-11-25,1668,1664,1668,1656,852578,513,INGR
2024-11-26,1660,1632,1662,1588,739420,453,INGR
2024-11-27,1538,1672,1672,1536,60578,38,INGR
2024-11-28,1656,1668,1674,1654,1095688,659,INGR
2024-11-29,1658,1670,1678,1652,81846,49,INGR
2024-12-02,1670,1672,1676,1670,804388,481,INGR
2024-12-03,1668,1672,1672,1666,327346,196,INGR
2024-12-04,1664,1672,1672,1664,28332,17,INGR
2024-12-05,1658,1752,1798,1658,2114132,1212,INGR
2024-12-06,1750,1766,1788,1722,392636,224,INGR
2024-12-09,1732,1758,1762,1730,504522,287,INGR
2024-12-10,1758,1760,1770,1636,138114,80,INGR
2024-12-11,1768,1760,1770,1760,89888,51,INGR
2024-12-12,1760,1754,1768,1752,164954,94,INGR
2024-12-13,1746,1770,1770,1746,205332,117,INGR
2024-12-16,1748,1758,1760,1630,631924,361,INGR
2024-12-17,1758,1770,1796,1758,83572,47,INGR
2024-12-18,1780,1754,1780,1754,107308,61,INGR
2024-12-19,1772,1758,1788,1758,215614,122,INGR
2024-12-20,1764,1778,1798,1706,433270,246,INGR
2024-12-23,1794,1780,1800,1722,448390,255,INGR
2024-12-24,1780,1738,1780,1736,71704,41,INGR
2024-12-25,1754,1776,1780,1736,84488,48,INGR
2024-12-26,1782,1780,1796,1758,125312,71,INGR
2024-12-27,1716,1758,1772,1716,978322,557,INGR
2024-12-28,1762,1790,1792,1762,319632,179,INGR
2024-12-30,1776,1790,1800,1766,84286,47,INGR
2025-01-03,1822,1796,1822,1750,114540,64,INGR
2025-01-06,1820,1774,1820,1770,91470,51,INGR
2025-01-08,1772,1766,1772,1754,31698,18,INGR
2025-01-09,1800,1774,1800,1770,211384,119,INGR
2025-01-10,1772,1786,1786,1714,39008,22,INGR
2025-01-13,1798,1780,1798,1760,82174,46,INGR
2025-01-14,1752,1774,1782,1752,60148,34,INGR
2025-01-15,1792,1778,1792,1774,16056,9,INGR
2025-01-16,1776,1784,1786,1776,30286,17,INGR
2025-01-17,1762,1784,1800,1762,222896,125,INGR
2025-01-20,1776,1778,1794,1770,114116,64,INGR
2025-01-21,1792,1780,1792,1776,16040,9,INGR
2025-01-22,1786,1782,1790,1778,103672,58,INGR
2025-01-23,1798,1772,1798,1762,226264,127,INGR
2025-01-24,1768,1766,1782,1766,81716,46,INGR
2025-01-27,1766,1764,1826,1728,805890,453,INGR
2025-01-28,1760,1776,1784,1758,58098,33,INGR
2025-01-29,1758,1760,1798,1758,106312,60,INGR
2025-01-30,1758,1760,1760,1742,91378,52,INGR
2025-01-31,1758,1754,1762,1750,140298,80,INGR
2025-02-03,1744,1762,1772,1740,38650,22,INGR
2025-02-04,1748,1748,1748,1748,3496,2,INGR
2025-02-05,1736,1758,1758,1724,139542,80,INGR
2025-02-06,1754,1754,1768,1754,128552,73,INGR
2025-02-07,1766,1746,1766,1734,95862,55,INGR
2025-02-10,1732,1754,1760,1702,2087248,1194,INGR
2025-02-11,1730,1790,1790,1730,104802,59,INGR
2025-02-12,1774,1790,1792,1764,124482,70,INGR
2025-02-13,1790,1770,1798,1740,171408,97,INGR
2025-02-14,1778,1794,1796,1778,55404,31,INGR
2025-02-17,1796,1796,1798,1772,416160,233,INGR
2025-02-18,1796,1738,1796,1738,222646,127,INGR
2025-02-19,1768,1762,1768,1756,79124,45,INGR
2025-02-20,1772,1768,1772,1760,70742,40,INGR
2025-02-21,1744,1758,1772,1744,26426,15,INGR
2025-02-24,1770,1768,1770,1762,30030,17,INGR
2025-02-25,1768,1768,1770,1762,106034,60,INGR
2025-02-26,1794,1728,1794,1722,85848,49,INGR
2025-02-27,1724,1746,1746,1700,595150,347,INGR
2025-02-28,1722,1756,1772,1696,151304,87,INGR
2025-03-03,1792,1762,1794,1720,245310,140,INGR
2025-03-04,1758,1768,1770,1758,98836,56,INGR
2025-03-05,1744,1758,1758,1744,302908,173,INGR
2025-03-06,1746,1760,1766,1738,235208,134,INGR
2025-03-07,1744,1758,1762,1742,187106,107,INGR
2025-03-10,1728,1760,1766,1728,116294,67,INGR
2025-03-11,1736,1770,1770,1736,43934,25,INGR
2025-03-12,1778,1756,1778,1756,80936,46,INGR
2025-03-13,1730,1742,1758,1730,106770,61,INGR
2025-03-14,1762,1750,1768,1746,43992,25,INGR
2025-03-17,1762,1760,1768,1734,208470,119,INGR
2025-03-18,1770,1758,1770,1756,35200,20,INGR
2025-03-19,1758,1734,1764,1732,121864,70,INGR
2025-03-20,1746,1754,1770,1736,189436,108,INGR
2025-03-21,1770,1742,1770,1742,45490,26,INGR
2025-03-24,1766,1746,1766,1744,50676,29,INGR
2025-03-25,1760,1750,1762,1746,28008,16,INGR
2025-03-26,1744,1758,1762,1742,45700,26,INGR
2025-03-27,1758,1742,1758,1742,20938,12,INGR
2025-03-28,1752,1738,1760,1738,185786,106,INGR
2025-03-31,1738,1750,1760,1712,273808,157,INGR
2025-04-01,1760,1746,1760,1746,357454,204,INGR
2025-04-02,1736,1746,1758,1702,218482,125,INGR
2025-04-03,1746,1736,1758,1734,254900,146,INGR
2025-04-04,1736,1636,1744,1636,192952,116,INGR
2025-04-07,1636,1602,1636,1496,308140,194,INGR
2025-04-08,1592,1752,1752,1592,103434,62,INGR
2025-04-09,1674,1730,1780,1672,769886,443,INGR
2025-04-10,1792,1726,1796,1726,241432,137,INGR
2025-04-11,1750,1756,1756,1740,31474,18,INGR
2025-04-14,1734,1748,1772,1734,231184,132,INGR
2025-04-15,1776,1760,1778,1738,158258,90,INGR
2025-04-16,1754,1760,1760,1750,380506,217,INGR
2025-04-17,1762,1760,1762,1746,117806,67,INGR
